n_noise_features,repetition,Ours,KNN,LOF,IForest,OCSVM,AutoEncoder
0,0,0.6349161617584895,0.537128364097506,0.5188107651120192,0.4965478371142736,0.5460053543750881,0.45906721149781604
0,1,0.5758771311821896,0.537128364097506,0.5188107651120192,0.4768211920529801,0.5460053543750881,0.46188530364942937
0,2,0.6216006763421165,0.537128364097506,0.5188107651120192,0.49880231083556437,0.5460053543750881,0.4606171621812033
0,3,0.5,0.537128364097506,0.5188107651120192,0.4793574749894321,0.5460053543750881,0.4618853036494293
0,4,0.6261800760884881,0.537128364097506,0.5188107651120192,0.5062702550373397,0.5460053543750881,0.461180780611526
0,5,0.5963787515851768,0.537128364097506,0.5188107651120192,0.48781175144427225,0.5460053543750881,0.4597717345357193
0,6,0.5966605608003382,0.537128364097506,0.5188107651120192,0.5066929688600816,0.5460053543750881,0.4600535437508807
0,7,0.6079329294067917,0.537128364097506,0.5188107651120192,0.4809074256728195,0.5460053543750881,0.45977173453571935
0,8,0.6349161617584895,0.537128364097506,0.5188107651120192,0.4986614062279836,0.5460053543750881,0.461603494434268
0,9,0.5,0.537128364097506,0.5188107651120192,0.49640693250669293,0.5460053543750881,0.46202620825701
4,0,0.6040580526983232,0.5267718754403269,0.5164153867831478,0.47724390587572213,0.5360011272368607,0.4689305340284627
4,1,0.5743271804988024,0.5384669578695224,0.5062702550373397,0.4900662251655629,0.5658729040439623,0.4716077215724954
4,2,0.6284345498097788,0.5197970973650838,0.4911934620262083,0.4978159785824997,0.5300831337184726,0.4528674087642667
4,3,0.5,0.4935183880512892,0.5083838241510497,0.5004931661265324,0.5164153867831478,0.4555445963082993
4,4,0.6444976750739748,0.5096519656192757,0.5086656333662111,0.5168381006058899,0.5445963082992814,0.460335352966042
4,5,0.5986332253064675,0.5127518669860505,0.49006622516556286,0.48865717908975626,0.5488234465267015,0.4623080174721713
4,6,0.6070875017613075,0.5312103705791179,0.5097928702268564,0.5265605185289559,0.5588276736649288,0.4768211920529801
4,7,0.6210370579117936,0.5178948851627447,0.48499365929265886,0.4907707482034662,0.5216288572636325,0.4558264055234606
4,8,0.6368183739608285,0.5040157813160491,0.47963928420459345,0.49964773848104826,0.5376919825278286,0.4735803860786248
4,9,0.5,0.5151472453149217,0.5019022122023391,0.4910525574186276,0.5410736931097647,0.4597717345357194
8,0,0.6315344511765535,0.4971819078483867,0.5072565872904045,0.5031703536705651,0.5285331830350852,0.45441735944765393
8,1,0.5791883894603354,0.4937297449626603,0.4734394814710441,0.46413977737072,0.5221924756939553,0.45117655347329855
8,2,0.6227279132027617,0.5004931661265324,0.5150063407073411,0.4794983795970128,0.5372692687050866,0.462871635902494
8,3,0.5,0.5159222206566154,0.49654783711427364,0.4599126391433,0.5344511765534732,0.45808087924475127
8,4,0.6309003804424405,0.4821755671410455,0.48020290263491616,0.4655488234465267,0.4979568831900803,0.4342680005636184
8,5,0.5907425672819502,0.504438495138791,0.4904889389883049,0.500634070734113,0.5316330844018599,0.45568550091587995
8,6,0.6048330280400169,0.5219106664787939,0.5166971959983091,0.501056784556855,0.5581231506270254,0.48006199802733546
8,7,0.5979991545723545,0.4962660278991123,0.47062138931943065,0.47456671833168945,0.5128927715936311,0.4465267014231365
8,8,0.6371706354797801,0.5002818092151613,0.47879385655910955,0.4755530505847541,0.5182471466816965,0.4486402705368465
8,9,0.5,0.5017613075947583,0.49542060025362833,0.4469494152458785,0.5196561927575032,0.44610398760039455
12,0,0.6179371565450191,0.4923911511906439,0.47259405382556013,0.4759757644074961,0.5262787093137946,0.456530928561364
12,1,0.5836973369029168,0.5343807242496831,0.5268423277441172,0.4988023108355643,0.5472734958433141,0.4763984782302381
12,2,0.6353388755812315,0.4811187825841905,0.4690714386360434,0.4814710441031421,0.5192334789347612,0.4535719318021699
12,3,0.5,0.49316612653233755,0.48330280400169084,0.49260250810201495,0.5102155840495983,0.4535719318021699
12,4,0.6475975764407496,0.5052134704804847,0.5305058475412145,0.49654783711427364,0.54854163731154,0.46611244187684936
12,5,0.579963364802029,0.5052134704804847,0.5159926729604059,0.48767084683669154,0.536705650274764,0.46540791883894606
12,6,0.6102578554318725,0.4548400732703959,0.46343525433281674,0.4840073270395942,0.5195152881499225,0.4555445963082993
12,7,0.6156122305199381,0.4832323516979005,0.49823869240524166,0.4673805833450754,0.5188107651120191,0.4630125405100747
12,8,0.6149781597858249,0.4625898266873327,0.45934902071297734,0.46878962942088204,0.500634070734113,0.4599126391433
12,9,0.5014090460758067,0.5141609130618571,0.5040157813160491,0.4716077215724954,0.5447372129068621,0.45582640552346065
16,0,0.6478089333521206,0.45568550091587995,0.46583063266168806,0.4983795970128223,0.5340284627307312,0.46329434972523603
16,1,0.5729181344229956,0.46942370015499507,0.4528674087642666,0.4651261096237847,0.4944342680005636,0.4438495138791038
16,2,0.6290686205438918,0.529942229110892,0.5137381992391151,0.5017613075947583,0.5472734958433141,0.45878540228265463
16,3,0.5,0.5239537832887136,0.5141609130618572,0.5298013245033113,0.5544596308299281,0.4701986754966887
16,4,0.6498520501620404,0.5376919825278286,0.5182471466816965,0.4847118500774975,0.5462871635902494,0.47033958010426946
16,5,0.5960264900662251,0.5024658306326617,0.502747639847823,0.5223333803015359,0.5214879526560519,0.4659715372692687
16,6,0.5994082006481611,0.48083697336902914,0.4778075243060448,0.5062702550373397,0.5175426236437932,0.4437086092715232
16,7,0.6146258982668733,0.5114132732140341,0.5103564886571791,0.4906298435958856,0.5327603212625054,0.47287586304072143
16,8,0.6204029871776807,0.4902071297731436,0.4896435113428209,0.4676623925602368,0.5178244328589545,0.45441735944765393
16,9,0.4891503452162886,0.4900662251655629,0.48104833028040017,0.4673805833450754,0.5089474425813724,0.45019022122023394
20,0,0.6259687191771172,0.48767084683669154,0.4803438072424968,0.4907707482034662,0.5255741862758913,0.45653092856136396
20,1,0.5783429618148513,0.42095251514724535,0.40228265464280677,0.4734394814710441,0.5075383965055658,0.44638579681555585
20,2,0.6485134563900239,0.49837959701282236,0.48781175144427225,0.490911652811047,0.546850782020572,0.4620262082570101
20,3,0.5,0.4843595885585459,0.4879526560518529,0.4818937579258841,0.5255741862758913,0.46456249119346205
20,4,0.6210370579117936,0.48851627448217555,0.47653938283781877,0.5095110610116951,0.5250105678455685,0.4673805833450754
20,5,0.5898266873326757,0.5128223192898408,0.5013385937720163,0.4827391855713682,0.534169367338312,0.4635761589403974
20,6,0.5836973369029168,0.4954206002536283,0.46033535296604194,0.5081020149358884,0.5155699591376638,0.45610821473862195
20,7,0.5963082992813865,0.47604621671128655,0.48372551782443285,0.462448922079752,0.5113428209102437,0.4428631816260392
20,8,0.6528110469212343,0.5166971959983092,0.5217697618712132,0.5140200084542764,0.5534732985768636,0.4820346625334649
20,9,0.48295054248273916,0.4186980414259546,0.430181766943779,0.5089474425813725,0.5038748767084684,0.44131323094265185
24,0,0.6156122305199381,0.45448781175144426,0.45258559954910527,0.48950260673524026,0.4952796956460476,0.44511765534732983
24,1,0.5940538255600958,0.49492743412709594,0.4921797942792729,0.4521628857263632,0.5376919825278286,0.4452585599549105
24,2,0.6078624771030012,0.5402987177680709,0.5554459630829928,0.5372692687050866,0.569395519233479,0.4907707482034663
24,3,0.5,0.5052839227842749,0.5082429195434691,0.5081020149358884,0.5431872622234747,0.458221783852332
24,4,0.6277300267718755,0.47019867549668876,0.47949837959701286,0.4886571790897562,0.5292377060729887,0.4538537410173313
24,5,0.5870085951810624,0.42003663519797096,0.43412709595603777,0.46583063266168806,0.4893617021276596,0.43581795124700584
24,6,0.5951810624207412,0.49894321544314496,0.49330703113991825,0.4914752712413696,0.541355502324926,0.46160349443426796
24,7,0.5990559391292096,0.45970128223192896,0.4734394814710441,0.4809074256728195,0.49626602789911234,0.4559673101310413
24,8,0.6074397632802593,0.44920388896716923,0.43666337889248985,0.44004508947442583,0.5081020149358884,0.4503311258278145
24,9,0.6121600676342117,0.5488938988304918,0.5558686769057348,0.5072565872904045,0.5692546146258983,0.48950260673524026
28,0,0.6207552486966323,0.4999295476962096,0.5135972946315344,0.49161617584895023,0.5272650415668592,0.4600535437508806
28,1,0.5429759053121037,0.5083838241510498,0.5086656333662111,0.4520219811187826,0.5207834296181485,0.46244892207975197
28,2,0.6390728476821192,0.44053825560095816,0.45329012258700857,0.46907143863604334,0.4876708468366916,0.425954628716359
28,3,0.5,0.4455403691700719,0.4341270959560377,0.45103564886571784,0.47935747498943215,0.4129914048189376
28,4,0.6402705368465549,0.5407918838946034,0.544737212906862,0.5486825419191209,0.5602367197407355,0.5137381992391151
28,5,0.5853177398900944,0.5576299845004932,0.5633366211075101,0.49260250810201495,0.5557277722981542,0.48922079752007896
28,6,0.5758066788783993,0.4518106242074116,0.41454135550232496,0.4718895307876567,0.4878117514442722,0.43750880653797375
28,7,0.5965196561927575,0.4623784697759617,0.46738058334507543,0.4744258137241088,0.497675073974919,0.4373679019303931
28,8,0.6231506270255038,0.49070029589967595,0.4809074256728195,0.48471185007749756,0.5300831337184726,0.46878962942088204
28,9,0.5,0.5225447372129068,0.5088065379737918,0.5209243342257291,0.5558686769057348,0.48471185007749756
32,0,0.6295617866704241,0.5030999013667746,0.4941524587854023,0.4935888403550796,0.5134563900239537,0.45174017190362126
32,1,0.57806115259969,0.5109201070875018,0.5120473439481471,0.5110610116950824,0.5448781175144427,0.4889389883049176
32,2,0.6289981682401016,0.46308299281386506,0.45934902071297734,0.4634352543328167,0.49217979427927294,0.4308862899816824
32,3,0.5,0.4768211920529801,0.48062561645765817,0.5034521628857265,0.5042975905312104,0.4434268000563618
32,4,0.6311117373538114,0.5176130759475834,0.5164153867831478,0.4957024094687896,0.540510074679442,0.47611666901507677
32,5,0.5758066788783993,0.40538255600958156,0.4039735099337748,0.4568127377765253,0.45216288572636326,0.4051007467944202
32,6,0.5846836691559815,0.4880231083556432,0.47569395519233476,0.5112019163026631,0.5112019163026631,0.47794842891362543
32,7,0.6046216711286458,0.5296604198957305,0.5096519656192757,0.5295195152881499,0.5462871635902494,0.4930252219247569
32,8,0.6406932506692968,0.508242919543469,0.5076793011131464,0.5066929688600816,0.5455826405523461,0.4651261096237847
32,9,0.4799210934197548,0.4903480343807243,0.4848527546850782,0.491334366633789,0.5193743835423419,0.45596731013104125
36,0,0.6046216711286458,0.4977455262787093,0.4856981823305622,0.48513456390023957,0.5489643511342821,0.44554036917007184
36,1,0.5440326898689587,0.4599126391433,0.45639002395378325,0.46132168521910666,0.4859799915457235,0.4435677046639425
36,2,0.6239256023671975,0.44117232633507114,0.4530083133718472,0.46963505706636616,0.5054248273918558,0.4466676060307172
36,3,0.5,0.5180357897703254,0.5141609130618572,0.467098774129914,0.538396505565732,0.4555445963082993
36,4,0.6460476257573622,0.5255037339721009,0.5171199098210512,0.5020431168099196,0.5531914893617021,0.47048048471185
36,5,0.5923629702691278,0.506552064252501,0.49274341270959554,0.5171199098210512,0.5144427222770185,0.4666760603071721
36,6,0.58651542905453,0.4704100324080598,0.4669578695223334,0.4725940538255601,0.506129350429759,0.4487811751444272
36,7,0.5800338171058194,0.5293081583767789,0.5169790052134704,0.48471185007749745,0.5534732985768634,0.47245314921797943
36,8,0.6266027899112301,0.5278286599971819,0.5135972946315345,0.4782302381287868,0.5465689728054107,0.47287586304072143
36,9,0.4799210934197548,0.4367338311962801,0.43863604339861917,0.4866845145836269,0.48823446526701425,0.4576581654220093
40,0,0.6190643934056643,0.5107087501761307,0.49457517260814426,0.48823446526701425,0.5533323939692828,0.4806256164576581
40,1,0.5717204452585599,0.5128927715936311,0.508242919543469,0.49809778779766095,0.5426236437931521,0.4814710441031421
40,2,0.6011695082429195,0.502324926025081,0.4848527546850782,0.47174862618007607,0.5169790052134705,0.45357193180216987
40,3,0.5,0.5567141045512188,0.5612230519938002,0.5331830350852472,0.5796815555868677,0.5002113569113711
40,4,0.6297026912780048,0.4992954769620967,0.5128927715936311,0.4904889389883049,0.5241651402000845,0.4744258137241088
40,5,0.5923629702691278,0.4488516274482176,0.45131745808087925,0.4792165703818515,0.5003522615189516,0.4527265041566859
40,6,0.5806678878399324,0.46963505706636605,0.46329434972523603,0.45174017190362126,0.5302240383260532,0.46766239256023673
40,7,0.5952515147245315,0.5219106664787938,0.5230379033394392,0.5054248273918558,0.52529237706073,0.4576581654220093
40,8,0.6096237846977596,0.5062702550373397,0.4813301394955615,0.4721713400028181,0.5064111596449204,0.4513174580808792
40,9,0.48886853600112723,0.47625757362265747,0.46864872481330144,0.4782302381287868,0.504438495138791,0.4384951387910385
44,0,0.6177962519374384,0.4437086092715231,0.44018599408200654,0.4948569818233056,0.4844300408623362,0.4525855995491052
44,1,0.5504438495138791,0.5072565872904045,0.503170353670565,0.48781175144427225,0.5298013245033113,0.4711850077497534
44,2,0.6447794842891362,0.4742849091165281,0.4816119487107229,0.4859799915457235,0.5147245314921798,0.45286740876426657
44,3,0.5,0.46618289418063974,0.47217134000281813,0.4678032971678175,0.49584331407637033,0.4568127377765253
44,4,0.6268845991263914,0.5473439481471044,0.5488234465267015,0.534169367338312,0.5840495984218684,0.4840073270395942
44,5,0.6027899112300973,0.46561927575031703,0.4782302381287868,0.4303226715513597,0.4859799915457235,0.4346907143863604
44,6,0.6000422713822742,0.47358038607862474,0.4676623925602367,0.4851345639002395,0.495138791038467,0.45216288572636326
44,7,0.5796815555868677,0.4754825982809638,0.4847118500774975,0.464985205016204,0.5254332816683105,0.43680428350007044
44,8,0.6437931520360716,0.5064111596449204,0.49908412005072567,0.47837114273636744,0.5264196139213753,0.4835846132168522
44,9,0.6254755530505848,0.45829223615612236,0.4556855009158799,0.4442722277018459,0.462871635902494,0.424686487248133
48,0,0.6108214738621953,0.5224742849091165,0.5247287586304072,0.5193743835423419,0.5667183316894462,0.48175285331830353
48,1,0.5634775257150908,0.490911652811047,0.48443004086233615,0.48400732703959415,0.501056784556855,0.4562491193462026
48,2,0.6274482175567142,0.5084542764548401,0.5151472453149217,0.4872481330139496,0.5560095815133155,0.48682541919120753
48,3,0.5,0.5179653374665352,0.5100746794420177,0.5147245314921798,0.5403691700718614,0.49246160349443424
48,4,0.6400591799351838,0.4556855009158799,0.45963082992813864,0.48006199802733546,0.5207834296181486,0.47301676764830214
48,5,0.5949697055093701,0.46576018035789774,0.46780329716781743,0.5035930674933071,0.49189798506411153,0.46695786952233337
48,6,0.5726363252078343,0.48443004086233615,0.46357615894039733,0.4727349584331408,0.49739326475975765,0.4556855009158799
48,7,0.6001831759898549,0.49866140622798366,0.497252360152177,0.4830209947865295,0.536705650274764,0.46188530364942937
48,8,0.6057489079892913,0.49415245878540226,0.5047203043539523,0.4952796956460476,0.5216288572636325,0.4625898266873327
48,9,0.498097787797661,0.4624489220797521,0.46723967873749467,0.4294772439058757,0.5034521628857265,0.4279272932224884
52,0,0.609905593912921,0.4459630829928139,0.4489220797520079,0.459067211497816,0.48259828096378754,0.4303226715513597
52,1,0.539453290122587,0.5088065379737917,0.5182471466816965,0.4864027053684655,0.5416373115400873,0.4492038889671692
52,2,0.6449908412005073,0.5269832323516979,0.52529237706073,0.5154290545300831,0.5507961110328308,0.499365929265887
52,3,0.5,0.5358602226292799,0.5265605185289559,0.5462871635902494,0.5682682823728336,0.5038748767084683
52,4,0.6184303226715513,0.4800619980273355,0.4856981823305622,0.47132591235733406,0.5123291531633084,0.4580808792447513
52,5,0.6114555445963084,0.4943638156967733,0.4969705509370156,0.5138791038466958,0.5214879526560519,0.464985205016204
52,6,0.5846836691559814,0.5486825419191207,0.5558686769057348,0.5088065379737917,0.5571368183739608,0.48654360997604623
52,7,0.5933493025221925,0.5192334789347612,0.5079611103283077,0.5278286599971819,0.5226151895166973,0.4761166690150768
52,8,0.6304776666196984,0.4856981823305622,0.5011976891644356,0.48485275468507816,0.5141609130618572,0.4699168662815274
52,9,0.4916161758489503,0.4211638720586163,0.4201775398055516,0.4535719318021699,0.4639988727631394,0.41228688178103423
56,0,0.6072988586726785,0.48689587149499786,0.45991263914329994,0.49795688319008036,0.5205016204029872,0.44892207975200793
56,1,0.5708750176130759,0.5205016204029872,0.5081020149358885,0.5670001409046076,0.5502324926025082,0.4813301394955615
56,2,0.6595040157813159,0.5380442440467803,0.5254332816683105,0.504861208961533,0.5519233478934761,0.4979568831900803
56,3,0.5,0.48048471185007746,0.4917570804565309,0.4556855009158799,0.5096519656192757,0.43398619134845706
56,4,0.6346343525433282,0.5233197125546005,0.5188107651120191,0.5414964069325067,0.5500915879949274,0.5021840214175003
56,5,0.5694659715372693,0.49225024658306327,0.48175285331830353,0.4694941524587854,0.5210652388333099,0.4486402705368466
56,6,0.6030717204452585,0.4496266027899112,0.44046780329716784,0.45610821473862195,0.4825982809637875,0.44342680005636187
56,7,0.583767789206707,0.5222629279977455,0.5072565872904045,0.5302240383260532,0.5395237424263774,0.47907566577427085
56,8,0.5716499929547697,0.5577004368042835,0.5495279695646047,0.49767507397491895,0.5760180357897704,0.4918979850641116
56,9,0.6011695082429196,0.42003663519797096,0.4321544314499084,0.4952796956460476,0.4675214879526561,0.4459630829928139
60,0,0.5831337184725941,0.506552064252501,0.4855572777229815,0.4971114555445963,0.5100746794420178,0.4701986754966887
60,1,0.5702409468789629,0.4723826969141891,0.48386642243201355,0.5137381992391151,0.5319148936170213,0.4651261096237847
60,2,0.6319571649992954,0.5172608144286318,0.5172608144286318,0.492602508102015,0.5520642525010567,0.4957024094687897
60,3,0.5,0.46413977737072,0.45737635620684797,0.46808510638297873,0.496829646329435,0.44399041848668447
60,4,0.6436522474284909,0.39178526137804703,0.3880512892771594,0.41933211216006766,0.43299985909539246,0.41792306608426094
60,5,0.5726363252078343,0.4837959701282233,0.46188530364942937,0.4732985768634635,0.5219106664787939,0.4318726222347471
60,6,0.57806115259969,0.44532901225870086,0.45512188248555724,0.49274341270959554,0.4818937579258841,0.4434268000563619
60,7,0.5957446808510638,0.4757644074961251,0.45948992532055805,0.45850359306749333,0.495138791038467,0.4445540369170072
60,8,0.610116950824292,0.4475130336762012,0.46089897139636465,0.4878117514442722,0.5121882485557278,0.46766239256023673
60,9,0.5,0.5109201070875018,0.4931661265323376,0.5073974918979851,0.540932788502184,0.47555305058475417
64,0,0.6282936452021981,0.5145836268845991,0.5096519656192757,0.5158517683528252,0.54854163731154,0.47724390587572213
64,1,0.5876426659151754,0.5290263491616175,0.5131745808087924,0.5403691700718614,0.5474144004508947,0.504438495138791
64,2,0.6289277159363112,0.47879385655910944,0.48414823164717485,0.43891785261378047,0.5188107651120191,0.44229956319571645
64,3,0.5,0.44208820628434553,0.4483584613216852,0.46188530364942937,0.48062561645765817,0.4672396787374947
64,4,0.6276595744680851,0.4332112160067634,0.4442722277018458,0.4861208961533041,0.4833028040016909,0.4551218824855573
64,5,0.5924334225729182,0.4885162744821756,0.48245737635620684,0.5047203043539523,0.5468507820205721,0.4830209947865295
64,6,0.5714386360433986,0.4032689868958715,0.43426800056361836,0.4294772439058757,0.43314076370297305,0.39185571368183736
64,7,0.5798224601944484,0.5548118923488798,0.5575595321967027,0.500211356911371,0.5586867690573482,0.4816119487107229
64,8,0.6056784556855009,0.4747076229392701,0.4534310271945893,0.49316612653233766,0.5050021135691137,0.4809074256728195
64,9,0.48006199802733546,0.5196561927575032,0.5572777229815415,0.5057066366070171,0.5460053543750881,0.4821755671410455
68,0,0.621741580949697,0.5469916866281528,0.536705650274764,0.4827391855713682,0.5679864731576723,0.4773848104833028
68,1,0.5758066788783993,0.47167817387628574,0.4983795970128223,0.501479498379597,0.5223333803015359,0.44511765534732983
68,2,0.6195575595321967,0.47823023812878684,0.4731576722558828,0.4634352543328166,0.5113428209102437,0.4716077215724954
68,3,0.5,0.4787234042553192,0.47414400450894745,0.5182471466816965,0.4865436099760462,0.4618853036494293
68,4,0.648724813301395,0.5144427222770185,0.5165562913907286,0.47132591235733406,0.539241933211216,0.45286740876426657
68,5,0.6150486120896155,0.5380442440467803,0.5309285613639566,0.49781597858249965,0.5571368183739608,0.48612089615330417
68,6,0.5908834718895308,0.5275468507820207,0.526983232351698,0.4811892348879808,0.536705650274764,0.4948569818233056
68,7,0.5847541214597717,0.4851345639002395,0.48076652106523876,0.47583485979991547,0.5255741862758913,0.4775257150908835
68,8,0.5905312103705791,0.5440326898689587,0.5417782161476681,0.48527546850782016,0.5561504861208961,0.4926025081020149
68,9,0.4799210934197548,0.3745244469494152,0.376356206847964,0.41285050021135694,0.42722277018458504,0.3950965196561927
72,0,0.6225165562913907,0.44166549246160347,0.4253910102860364,0.3834014372269974,0.4706213893194307,0.41327321403409895
72,1,0.5556573199943639,0.4785120473439482,0.454417359447654,0.47527124136959276,0.5183880512892772,0.42680005636184304
72,2,0.6354797801888122,0.512470057770889,0.502747639847823,0.498943215443145,0.5168381006058897,0.4794983795970128
72,3,0.5,0.5054248273918557,0.4923206988868536,0.49499788643088627,0.5185289558968579,0.4663942510920107
72,4,0.6306890235310695,0.4501902212202339,0.41764125686909964,0.430181766943779,0.49020712977314357,0.45033112582781454
72,5,0.5990559391292095,0.5065520642525011,0.502324926025081,0.511624630125405,0.5072565872904043,0.4697759616739467
72,6,0.6247005777088911,0.5192334789347612,0.5166971959983091,0.47611666901507677,0.5298013245033113,0.46188530364942937
72,7,0.573622657460899,0.47252360152176975,0.4755530505847541,0.4769620966605608,0.535014794983796,0.4752712413695928
72,8,0.6075806678878399,0.44730167676483024,0.4597717345357193,0.4466676060307172,0.4862618007608849,0.44483584613216853
72,9,0.4863322530646752,0.48633225306467526,0.4793574749894322,0.5117655347329858,0.5126109623784698,0.4756939551923348
76,0,0.582922361561223,0.48654360997604623,0.4859799915457236,0.47865295195152885,0.49260250810201495,0.44004508947442583
76,1,0.5572072706777512,0.5088065379737917,0.5165562913907285,0.48104833028040017,0.5320557982246019,0.4763984782302381
76,2,0.6144849936592928,0.5317035367056503,0.5282513738199239,0.5038748767084683,0.5524869663237988,0.4914752712413695
76,3,0.5,0.45026067352402427,0.47132591235733406,0.46399887276313934,0.4983795970128223,0.4538537410173313
76,4,0.657813160490348,0.4598421868395096,0.4421586585881358,0.4778075243060448,0.48090742567281947,0.4425813724108778
76,5,0.5846132168521911,0.4455403691700719,0.420882062843455,0.4422995631957165,0.47442581372410875,0.42440467803297166
76,6,0.5712272791320276,0.4444131323094265,0.4359588558545864,0.48724813301394954,0.4763984782302381,0.4314499084120051
76,7,0.5843314076370297,0.45751726081442856,0.44004508947442583,0.4499084120050726,0.4835846132168522,0.4315908130195857
76,8,0.6110328307735663,0.4830914470903198,0.4995068338734677,0.5145836268845991,0.5154290545300831,0.45244469494152456
76,9,0.4831618993941102,0.4787234042553191,0.4876708468366916,0.4811892348879808,0.5275468507820206,0.45709454699168667
80,0,0.6100464985205016,0.5070452303790334,0.48034380724249687,0.5104973932647597,0.540932788502184,0.45991263914329994
80,1,0.5538960123996054,0.4702691278004791,0.45089474425813725,0.45934902071297734,0.49866140622798366,0.4394814710441032
80,2,0.6363252078342962,0.44476539382837815,0.4606171621812033,0.44201775398055515,0.4849936592926589,0.44878117514442717
80,3,0.5,0.44370860927152317,0.4376497111455545,0.45131745808087925,0.4735803860786248,0.43764971114555445
80,4,0.6077920247992109,0.5073974918979851,0.48104833028040017,0.4814710441031421,0.5068338734676624,0.464985205016204
80,5,0.5819360293081584,0.5011976891644356,0.5068338734676624,0.5236015217697618,0.5379737917429901,0.4904889389883049
80,6,0.5697477807524306,0.5119064393405665,0.5047203043539523,0.5175426236437931,0.5154290545300831,0.47879385655910944
80,7,0.5844723122446104,0.41848668451458365,0.4042553191489362,0.46287163590249397,0.47048048471185006,0.4346907143863604
80,8,0.6116669015076793,0.4429336339298295,0.43102719458926314,0.4430040862336198,0.4817528533183035,0.428913625475553
80,9,0.5014090460758067,0.4866845145836269,0.49626602789911234,0.44737212906862056,0.5152881499225025,0.44089051711990984
84,0,0.6313935465689728,0.42644779484289136,0.4263773425391011,0.44962660278991123,0.4931661265323376,0.4532901225870085
84,1,0.5431872622234747,0.5226151895166972,0.4955615048612089,0.5395237424263774,0.5209243342257291,0.5133154854163731
84,2,0.652951951528815,0.4849936592926588,0.49387064957024096,0.4551218824855573,0.5017613075947585,0.45399464562491193
84,3,0.5,0.45441735944765393,0.4864027053684655,0.4682260109905594,0.5045793997463718,0.4487811751444272
84,4,0.6289981682401014,0.3756516838100606,0.3931238551500634,0.4359588558545865,0.41975482598280967,0.38678314780893336
84,5,0.5817951247005777,0.5153586022262928,0.501056784556855,0.47513033676201205,0.5240242355925039,0.46653515569959136
84,6,0.5593912920952515,0.49422291108919264,0.49711145554459635,0.49203888967169224,0.5296604198957306,0.46597153726926865
84,7,0.5863745244469494,0.5653092856136396,0.543891785261378,0.5202198111878258,0.5688319008031563,0.48133013949556147
84,8,0.6015922220656615,0.5211356911371002,0.5128927715936311,0.567281950119769,0.5637593349302523,0.504438495138791
84,9,0.48957305903903053,0.4906298435958856,0.505283922784275,0.47498943215443146,0.5400873608567,0.48414823164717485
88,0,0.5972946315344512,0.4589263068902353,0.466676060307172,0.47414400450894745,0.4890798929124983,0.43243624066506975
88,1,0.5725658729040439,0.5172608144286317,0.534169367338312,0.5234606171621812,0.5250105678455685,0.4707622939270114
88,2,0.6251937438354234,0.49746371706354797,0.4947160772157249,0.4833028040016908,0.5247287586304072,0.4996477384810483
88,3,0.5,0.4171480907425673,0.421727490488939,0.4731576722558827,0.45977173453571923,0.4118641679582922
88,4,0.6454135550232493,0.44800619980273354,0.4610398760039453,0.4823164717486262,0.47808933352120614,0.46371706354797804
88,5,0.5842609553332394,0.4850641115964492,0.48809356065943355,0.5107792024799211,0.5290968014654079,0.4864027053684655
88,6,0.5853177398900944,0.5687614484993659,0.5376919825278287,0.5278286599971819,0.5615048612089616,0.5004931661265324
88,7,0.5800338171058194,0.3910102860363534,0.3866422432013527,0.38086515429054524,0.4177821614766803,0.3656474566718332
88,8,0.6416091306185713,0.4153867831478089,0.44765393828378186,0.49711145554459635,0.4583626884599126,0.43328166831055376
88,9,0.5,0.549809778779766,0.5495279695646048,0.5028885444554037,0.5588276736649289,0.5168381006058897
92,0,0.603776243483162,0.5255741862758911,0.5289558968578272,0.5157108637452443,0.5624911934620263,0.4763984782302381
92,1,0.535014794983796,0.4338452867408764,0.41087783570522757,0.4329998590953924,0.44286318162603916,0.41158235874313087
92,2,0.6361843032267156,0.42835000704523035,0.4823164717486262,0.4451176553473299,0.466676060307172,0.44455403691700723
92,3,0.5,0.42517965337466535,0.4400450894744258,0.4769620966605608,0.4690714386360434,0.4406087079047485
92,4,0.6394955615048612,0.463505706636607,0.461603494434268,0.5016204029871776,0.48499365929265886,0.4308862899816824
92,5,0.5900380442440467,0.5106382978723405,0.5088065379737917,0.5265605185289559,0.5338875581231507,0.4886571790897562
92,6,0.57383401437227,0.49471607721572497,0.5014794983795969,0.4813301394955615,0.5420600253628294,0.4738621952937861
92,7,0.572988586726786,0.5375510779202479,0.5326194166549245,0.5636184303226716,0.5708045653092856,0.4861208961533042
92,8,0.6173030858109061,0.4663237987882204,0.46301254051007473,0.49330703113991825,0.4725940538255601,0.4393405664365225
92,9,0.47978018881217416,0.5085247287586304,0.4949978864308863,0.49274341270959565,0.5637593349302522,0.48893898830491755
96,0,0.5972241792306608,0.44680851063829785,0.4303226715513597,0.44244046780329715,0.49161617584895023,0.4182048752994223
96,1,0.5567845568550092,0.47935747498943215,0.49330703113991825,0.490911652811047,0.506974778075243,0.45427645484007334
96,2,0.6361138509229252,0.49133436663378893,0.49626602789911234,0.4966887417218543,0.504861208961533,0.45286740876426657
96,3,0.5,0.5524165140200085,0.543891785261378,0.5482598280963787,0.5726363252078343,0.504438495138791
96,4,0.624277863886149,0.4838664224320135,0.5071156826828237,0.47329857686346344,0.511624630125405,0.4675214879526561
96,5,0.5811610539664647,0.43870649570240944,0.4351134282091024,0.4558264055234606,0.4844300408623362,0.44821755671410457
96,6,0.5836973369029167,0.45061293504297595,0.4601944483584613,0.4404678032971678,0.49260250810201495,0.4501902212202339
96,7,0.6051148372551782,0.5274059461744398,0.5340284627307312,0.5212061434408906,0.54220092997041,0.4862618007608849
96,8,0.6103987600394533,0.4691418909398337,0.47498943215443146,0.42370015499506836,0.48767084683669154,0.4449767507397492
96,9,0.49217979427927294,0.4401859940820064,0.46442158658588134,0.48781175144427225,0.4935888403550796,0.4321544314499084
100,0,0.6102578554318726,0.4693532478512047,0.4656897280541074,0.49387064957024096,0.4782302381287868,0.46456249119346205
100,1,0.5634070734113006,0.43440890517119907,0.4514583626884599,0.511624630125405,0.4903480343807243,0.46949415245878545
100,2,0.6400591799351839,0.46449203888967167,0.47583485979991547,0.506552064252501,0.4856981823305622,0.45441735944765393
100,3,0.5,0.45667183316894455,0.45258559954910527,0.47794842891362543,0.4900662251655629,0.41228688178103423
100,4,0.6311117373538115,0.47005777088910805,0.46540791883894606,0.4647033958010427,0.49866140622798366,0.4475130336762012
100,5,0.5698886853600114,0.4612512329153163,0.49908412005072567,0.4501902212202339,0.5040157813160491,0.4382133295758771
100,6,0.5739749189798506,0.5045089474425813,0.49781597858249965,0.5257150908834719,0.5347329857686347,0.4827391855713681
100,7,0.6030717204452586,0.3505706636607017,0.3429618148513457,0.38819219388473997,0.37283359165844726,0.3515569959137664
100,8,0.6337184725940539,0.5199380019726645,0.5075383965055658,0.47062138931943076,0.5337466535155699,0.47358038607862474
100,9,0.6254755530505848,0.5089474425813725,0.4883753698745949,0.5072565872904045,0.5527687755389601,0.48781175144427225
104,0,0.5870085951810624,0.5510779202479921,0.5536142031844441,0.5369874594899253,0.5713681837396083,0.529942229110892
104,1,0.571086374524447,0.46963505706636605,0.49302522192475695,0.47794842891362543,0.4966887417218543,0.45329012258700857
104,2,0.6137100183175991,0.5336762012117797,0.5152881499225025,0.540510074679442,0.5248696632379879,0.4852754685078202
104,3,0.5,0.45822178385233187,0.46766239256023673,0.4559673101310413,0.5071156826828238,0.44525855995491054
104,4,0.648936170212766,0.4748485275468508,0.4563900239537833,0.4804847118500775,0.5011976891644356,0.4487811751444272
104,5,0.5923629702691278,0.49584331407637033,0.4834437086092715,0.47456671833168945,0.5138791038466958,0.4586444976750739
104,6,0.6053966464703395,0.5122587008595181,0.5110610116950824,0.4723122446103987,0.5083838241510497,0.45695364238410596
104,7,0.5737635620684797,0.5086656333662111,0.49682964632943494,0.4647033958010427,0.5538960123996055,0.4599126391433
104,8,0.5962378469775962,0.42510920107087496,0.4198957305903903,0.39509651965619275,0.46202620825700996,0.3980555164153868
104,9,0.6116669015076793,0.41221642947724385,0.42468648724813296,0.4496266027899112,0.47174862618007607,0.40820064816119483
108,0,0.5856700014090461,0.463928420459349,0.4663942510920107,0.4235592503874877,0.4890798929124982,0.44751303367620116
108,1,0.5667887839932365,0.5119064393405665,0.511624630125405,0.48090742567281947,0.529942229110892,0.4627307312949133
108,2,0.6234324362406651,0.40115541778216146,0.3866422432013527,0.3962237565168381,0.4417359447653938,0.40989150345216285
108,3,0.5,0.4314499084120051,0.43905875722136123,0.4862618007608849,0.4703395801042694,0.40467803297167815
108,4,0.6121600676342116,0.5132450331125827,0.4944342680005636,0.4907707482034662,0.5403691700718614,0.46836691559814003
108,5,0.5865154290545301,0.460969423700155,0.4618853036494293,0.4439904184866845,0.48710722840636883,0.4506129350429759
108,6,0.583767789206707,0.4209525151472453,0.4379315203607158,0.48245737635620684,0.47851204734394814,0.4496266027899112
108,7,0.6039171480907426,0.43130900380442444,0.43793152036071575,0.5168381006058899,0.48893898830491755,0.42989995772861767
108,8,0.614766802874454,0.455262787093138,0.45836268845991257,0.45371283640975063,0.4914752712413696,0.4294772439058757
108,9,0.5,0.42701141327321407,0.44948569818233053,0.48499365929265886,0.4476539382837819,0.4249682964632943
112,0,0.6111032830773566,0.4939411018740313,0.4783711427363675,0.5130336762012118,0.5374101733126673,0.49894321544314507
112,1,0.5530505847541215,0.4061575313512752,0.42200929970410034,0.4787938565591095,0.4376497111455545,0.41595040157813157
112,2,0.6211779625193745,0.5284627307312949,0.5202198111878258,0.506129350429759,0.5547414400450895,0.46850782020572074
112,3,0.5,0.5268423277441172,0.5078202057207271,0.5220515710863746,0.5458644497675074,0.4771030012681415
112,4,0.6466816964914752,0.49471607721572497,0.48978441595040156,0.5436099760462167,0.5312103705791179,0.4797801888121741
112,5,0.57172044525856,0.4002395378328871,0.39551923347893475,0.4390587572213611,0.42144568127377763,0.38607862477103
112,6,0.57594758348598,0.5431872622234747,0.5507961110328308,0.4945751726081443,0.5737635620684797,0.5148654360997604
112,7,0.5691137100183176,0.5140904607580667,0.5199380019726645,0.44286318162603916,0.5376919825278287,0.4597717345357193
112,8,0.625123291531633,0.4935888403550796,0.48372551782443285,0.5361420318444413,0.5212061434408906,0.47118500774975347
112,9,0.6254755530505848,0.4938706495702409,0.5151472453149218,0.4535719318021699,0.5271241369592785,0.47090319853459206
116,0,0.6100464985205016,0.4965478371142736,0.4944342680005636,0.4251092010708751,0.5274059461744399,0.46921234324362404
116,1,0.5933493025221925,0.5045793997463717,0.5050021135691137,0.5086656333662111,0.5206425250105678,0.49344793574749896
116,2,0.6390023953783288,0.47238269691418905,0.4778075243060448,0.4803438072424968,0.509933774834437,0.4411723263350712
116,3,0.5,0.4201070875017613,0.4308862899816824,0.47104410314217277,0.46061716218120335,0.42440467803297166
116,4,0.6355502324926025,0.5803156263209807,0.5710863745244469,0.5059884458221784,0.6010990559391292,0.5513597294631535
116,5,0.5779907002958997,0.5185289558968578,0.5058475412145977,0.5113428209102437,0.5596731013104129,0.4825982809637875
116,6,0.5913061857122728,0.5755953219670283,0.5726363252078343,0.5258559954910524,0.5974355361420318,0.5174017190362126
116,7,0.5918698041425954,0.4959137663801606,0.47893476116669015,0.5003522615189517,0.5343102719458925,0.4608989713963646
116,8,0.6300549527969566,0.49239115119064397,0.5038748767084684,0.5336057489079893,0.5133154854163731,0.4723122446103988
116,9,0.48999577286177254,0.45941947301676755,0.44990841200507253,0.4834437086092715,0.4986614062279837,0.4524446949415246
120,0,0.6008172467239679,0.5382556009581514,0.5293786106805692,0.4814710441031422,0.563900239537833,0.501056784556855
120,1,0.5457235451599267,0.5033112582781457,0.5276877553896012,0.5221924756939551,0.5292377060729885,0.4855572777229815
120,2,0.6298435958855855,0.46836691559814003,0.49203888967169224,0.4949978864308864,0.48104833028040017,0.4651261096237847
120,3,0.5,0.40538255600958156,0.40030999013667745,0.4413132309426518,0.4530083133718472,0.40312808228829083
120,4,0.6258982668733268,0.45004931661265324,0.4391996618289418,0.45878540228265463,0.47780752430604484,0.424686487248133
120,5,0.5865858813583205,0.5174017190362125,0.5099337748344371,0.5095110610116951,0.5302240383260532,0.47992109341975486
120,6,0.5801042694096097,0.39699873185853174,0.38720586163167536,0.4260955333239397,0.4070734113005495,0.4049598421868395
120,7,0.5847541214597716,0.4525855995491052,0.4535719318021699,0.5033112582781456,0.4917570804565309,0.43032267155135967
120,8,0.6149077074820346,0.497463717063548,0.4862618007608848,0.5468507820205721,0.5159926729604059,0.4734394814710441
120,9,0.4864027053684655,0.48140059179935185,0.47273495843314073,0.5230379033394392,0.5028885444554037,0.4706213893194308
124,0,0.6020853881921939,0.4710441031421728,0.47033958010426935,0.4954206002536283,0.5028885444554037,0.4541355502324926
124,1,0.5572777229815414,0.4589263068902353,0.4759757644074961,0.4296181485134563,0.48344370860927155,0.425109201070875
124,2,0.6263914329998591,0.5247287586304072,0.5174017190362125,0.44652670142313655,0.5371283640975061,0.45582640552346065
124,3,0.5,0.42799774552627873,0.40904607580667895,0.45639002395378325,0.4642806819783006,0.424686487248133
124,4,0.6378047062138932,0.4114414541355503,0.41440045089474425,0.46061716218120335,0.4734394814710441,0.4235592503874876
124,5,0.5706636607017049,0.5182471466816965,0.5467098774129914,0.4608989713963647,0.541355502324926,0.47104410314217277
124,6,0.5587572213611385,0.4838664224320135,0.502324926025081,0.4909116528110469,0.5326194166549246,0.44455403691700723
124,7,0.5988445822178385,0.5320557982246019,0.5238833309849232,0.4797801888121742,0.5617866704241229,0.4921797942792729
124,8,0.6186416795829224,0.38466957869522334,0.3965055657319994,0.4383542341834577,0.4165140200084543,0.39312385515006343
124,9,0.47893476116669015,0.4966887417218543,0.5334648443004086,0.49203888967169224,0.5498097787797661,0.4900662251655629
128,0,0.5855995491052557,0.4504720304353952,0.44779484289136257,0.44117232633507114,0.4685078202057207,0.3963646611244188
128,1,0.5400873608567001,0.45286740876426657,0.45850359306749333,0.4415950401578132,0.4818937579258841,0.4451176553473299
128,2,0.615400873608567,0.4745667183316895,0.4721713400028181,0.41750035226151894,0.46484430040862335,0.4406087079047485
128,3,0.5,0.43398619134845706,0.44159504015781315,0.4511765534732986,0.45991263914330005,0.4237001549950684
128,4,0.6072284063688882,0.5200789065802451,0.5299422291108918,0.4569536423841059,0.5558686769057349,0.5047203043539523
128,5,0.5660842609553333,0.4389178526137804,0.4728758630407214,0.4827391855713682,0.4833028040016909,0.427222770184585
128,6,0.5922220656615471,0.5090178948851627,0.5140200084542764,0.5213470480484711,0.5183880512892772,0.49260250810201495
128,7,0.6107510215584049,0.49408200648161194,0.48414823164717485,0.501056784556855,0.5117655347329858,0.47611666901507677
128,8,0.611596449203889,0.495561504861209,0.48189375792588424,0.5002113569113711,0.5181062420741158,0.46244892207975197
128,9,0.5047203043539524,0.4705509370156403,0.47484852754685075,0.4844300408623362,0.48372551782443285,0.45033112582781454
132,0,0.621530224038326,0.45723545159926726,0.4327180498802311,0.4272227701845851,0.4810483302804001,0.4396223756516838
132,1,0.5607298858672679,0.4562491193462026,0.4638579681555587,0.5041566859236297,0.4892207975200789,0.42989995772861767
132,2,0.6129350429759053,0.43004086233619837,0.43328166831055376,0.45991263914329994,0.4811892348879808,0.4552627870931379
132,3,0.5,0.566225165562914,0.5414964069325067,0.5686909961955756,0.5898266873326757,0.5110610116950823
132,4,0.6241369592785684,0.46132168521910666,0.46625334648443006,0.4817528533183035,0.5057066366070171,0.4465267014231365
132,5,0.574256728195012,0.46237846977596164,0.4761166690150769,0.4769620966605608,0.5141609130618572,0.4466676060307172
132,6,0.5695364238410596,0.49866140622798366,0.5035930674933069,0.4871072284063689,0.5102155840495984,0.49880231083556426
132,7,0.5906016626743694,0.4827391855713682,0.47555305058475417,0.5157108637452444,0.5085247287586303,0.4730167676483021
132,8,0.6155417782161476,0.4807665210652388,0.4900662251655629,0.48513456390023957,0.5059884458221784,0.49006622516556286
132,9,0.48541637311540087,0.5245878540228265,0.5309285613639566,0.45216288572636326,0.5165562913907285,0.4546991686628153
136,0,0.5908130195857405,0.5003522615189517,0.5011976891644356,0.5048612089615331,0.5289558968578273,0.4847118500774975
136,1,0.5510779202479921,0.5202198111878258,0.5283922784275046,0.48400732703959415,0.5357193180216993,0.4700577708891081
136,2,0.6237142454558264,0.4814710441031422,0.47541214597717346,0.4452585599549105,0.5140200084542764,0.4678032971678174
136,3,0.5,0.4314499084120051,0.4342680005636184,0.4721713400028181,0.4756939551923348,0.45117655347329855
136,4,0.6309003804424405,0.5136677469353248,0.5195152881499225,0.4926025081020149,0.5296604198957306,0.48696632379878824
136,5,0.5674933070311399,0.44969705509370156,0.4527265041566859,0.45469916866281535,0.4851345639002396,0.46160349443426796
136,6,0.5567845568550092,0.5123291531633085,0.502324926025081,0.54431449908412,0.5496688741721855,0.5075383965055658
136,7,0.5872904043962237,0.4441313230942652,0.4514583626884599,0.4476539382837819,0.49358884035507966,0.43638156967732844
136,8,0.6024376497111456,0.4826687332675778,0.4794983795970129,0.4933070311399182,0.5195152881499225,0.46413977737072
136,9,0.4891503452162886,0.48245737635620684,0.504438495138791,0.4617443990418486,0.5548823446526702,0.4841482316471748
140,0,0.613287304494857,0.4748485275468508,0.44215865858813586,0.4538537410173313,0.4718895307876567,0.42285472734958435
140,1,0.5527687755389602,0.5728476821192053,0.5569959137663802,0.5646047625757362,0.5934902071297732,0.535014794983796
140,2,0.60546709877413,0.4848527546850782,0.47780752430604473,0.4996477384810483,0.5123291531633084,0.5055657319994364
140,3,0.5,0.502324926025081,0.4556855009158799,0.5179653374665352,0.5496688741721855,0.46484430040862335
140,4,0.6371001831759899,0.48196421022967445,0.49837959701282236,0.47329857686346344,0.5152881499225025,0.44215865858813586
140,5,0.5786247710300128,0.45765816542200927,0.46371706354797804,0.4670987741299141,0.47358038607862474,0.4627307312949134
140,6,0.5926447794842892,0.4620966605608004,0.4614625898266873,0.47484852754685075,0.4979568831900803,0.41989573059039037
140,7,0.588206284345498,0.42405241651402004,0.42398196421022966,0.42426377342539107,0.48541637311540087,0.4382133295758771
140,8,0.6391432999859095,0.5228969987318586,0.5002113569113711,0.5629139072847682,0.5286740876426659,0.4999295476962096
140,9,0.5,0.4628011835987037,0.4406087079047485,0.47005777088910805,0.5042975905312104,0.4670987741299141
144,0,0.6103987600394533,0.5105678455685501,0.48724813301394954,0.505283922784275,0.5238833309849231,0.4610398760039453
144,1,0.5581231506270254,0.45603776243483163,0.4425813724108778,0.4476539382837819,0.47217134000281813,0.43102719458926303
144,2,0.6261800760884881,0.4268705086656333,0.44173594476539385,0.45033112582781454,0.46921234324362404,0.41313230942651824
144,3,0.5,0.502324926025081,0.5116246301254052,0.5691137100183177,0.5296604198957306,0.5127518669860505
144,4,0.6340002818092152,0.4419473016767648,0.3991827532760321,0.4306044807665211,0.45850359306749333,0.4024235592503875
144,5,0.5622093842468648,0.5216288572636325,0.5358602226292799,0.5307876567563761,0.5324785120473439,0.46907143863604345
144,6,0.5928561363956601,0.5674228547273495,0.5500915879949275,0.5729181344229957,0.5789770325489644,0.5498097787797661
144,7,0.5615048612089616,0.5030294490629844,0.5267014231365366,0.48767084683669154,0.5265605185289559,0.46357615894039744
144,8,0.6166690150767931,0.49422291108919264,0.4683669155981401,0.4975341693673383,0.5336057489079893,0.4689305340284627
144,9,0.49788643088629003,0.5492461603494434,0.5491052557418628,0.5147245314921798,0.5641820487529942,0.5172608144286318
148,0,0.617091728899535,0.48971396364661124,0.5205016204029872,0.47513033676201216,0.49612512329153163,0.459067211497816
148,1,0.5657319994363816,0.45963082992813875,0.45131745808087925,0.4414541355502325,0.46766239256023673,0.46625334648443
148,2,0.6440749612512329,0.4937297449626603,0.4961251232915317,0.49175708045653094,0.49922502465830637,0.4562491193462026
148,3,0.5,0.49443426800056356,0.5103564886571791,0.48175285331830353,0.5224742849091165,0.46399887276313934
148,4,0.62871635902494,0.5360011272368606,0.5348738903762154,0.5026067352402424,0.571931802169931,0.5210652388333098
148,5,0.5918698041425955,0.40791883894603354,0.3849513879103847,0.48964351134282097,0.4379315203607158,0.41595040157813157
148,6,0.5887699027758208,0.5042975905312104,0.5141609130618572,0.45653092856136396,0.5275468507820207,0.4755530505847541
148,7,0.5741862758912216,0.5014090460758067,0.47329857686346344,0.4958433140763702,0.5145836268845991,0.4689305340284627
148,8,0.5999013667746935,0.5128223192898408,0.5126109623784698,0.48893898830491755,0.537128364097506,0.5050021135691137
148,9,0.5014090460758067,0.4748485275468508,0.46371706354797804,0.5120473439481471,0.4896435113428209,0.4441313230942652
152,0,0.5919402564463858,0.4399746371706354,0.43088628998168244,0.42468648724813296,0.4930252219247569,0.4351134282091024
152,1,0.56960687614485,0.5103564886571791,0.5123291531633084,0.5489643511342821,0.5385374101733126,0.5024658306326617
152,2,0.61392137522897,0.4720304353952374,0.4941524587854023,0.44356770466394246,0.4679442017753981,0.3960828519092574
152,3,0.5,0.4920388896716923,0.5089474425813725,0.4856981823305622,0.5024658306326617,0.48922079752007896
152,4,0.6375933493025222,0.4896435113428209,0.49274341270959565,0.43779061575313516,0.5178244328589545,0.4449767507397491
152,5,0.5832041707763844,0.614766802874454,0.585035930674933,0.5393828378187967,0.6005354375088066,0.5013385937720163
152,6,0.577638438776948,0.4539241933211216,0.43328166831055376,0.42454558264055237,0.4926025081020149,0.44948569818233053
152,7,0.5811610539664647,0.5114132732140342,0.5100746794420178,0.5059884458221784,0.5458644497675075,0.5072565872904045
152,8,0.6199098210511483,0.4663942510920107,0.44779484289136257,0.49908412005072567,0.5081020149358884,0.4817528533183035
152,9,0.5,0.4496970550937016,0.46949415245878545,0.4882344652670142,0.4758348597999154,0.42764548400732705
156,0,0.5968014654079188,0.5524165140200085,0.5389601239960546,0.5283922784275046,0.5619275750317035,0.5236015217697618
156,1,0.569184162322108,0.5129632238974214,0.5097928702268564,0.499788643088629,0.5478371142736368,0.4923206988868536
156,2,0.618359870367761,0.4963364802029026,0.47978018881217416,0.5133154854163731,0.5206425250105678,0.5161335775679864
156,3,0.5,0.5534732985768634,0.5686909961955756,0.5337466535155699,0.5538960123996055,0.501902212202339
156,4,0.6252641961392138,0.48062561645765817,0.4773848104833028,0.5051430181766943,0.501056784556855,0.47372129068620544
156,5,0.594758348597999,0.5326194166549246,0.5081020149358884,0.5133154854163732,0.5486825419191208,0.4889389883049175
156,6,0.5791179371565449,0.5145836268845991,0.5230379033394392,0.5778497956883191,0.5475553050584754,0.5082429195434691
156,7,0.5733408482457376,0.5337466535155699,0.5283922784275046,0.5172608144286319,0.5460053543750881,0.4709031985345921
156,8,0.6284345498097788,0.44159504015781315,0.43088628998168244,0.5082429195434691,0.48288009017894884,0.43680428350007044
156,9,0.49147527124136964,0.4623784697759617,0.45948992532055793,0.4394814710441031,0.4656897280541074,0.4035507961110328
160,0,0.6284345498097789,0.5353670565027477,0.5252923770607298,0.4926025081020149,0.5641820487529943,0.4935888403550796
160,1,0.5457235451599267,0.4580104269409609,0.4537128364097506,0.4947160772157249,0.4934479357474989,0.47992109341975486
160,2,0.6287868113287305,0.4886571790897562,0.4845709454699168,0.4418768493729745,0.5000704523037903,0.4768211920529801
160,3,0.5,0.49760462167112857,0.5134563900239537,0.4969705509370156,0.5290968014654078,0.5028885444554037
160,4,0.6226574608989714,0.5020431168099196,0.48795265605185284,0.46808510638297873,0.5188107651120192,0.49457517260814426
160,5,0.5657319994363816,0.48464139777370724,0.467098774129914,0.5130336762012118,0.4866845145836269,0.4707622939270114
160,6,0.5766521065238833,0.4884458221783852,0.472171340002818,0.5391010286036354,0.5086656333662111,0.4962660278991123
160,7,0.6013104128505002,0.4550514301817669,0.4370860927152318,0.47794842891362543,0.4762575736226574,0.4248273918557137
160,8,0.6418909398337325,0.49013667746935324,0.5162744821755672,0.4535719318021699,0.49344793574749896,0.43187262223474704
160,9,0.5,0.4882344652670142,0.516274482175567,0.49626602789911234,0.5458644497675074,0.48922079752007885
164,0,0.6261096237846978,0.42630689023531065,0.40340989150345213,0.44046780329716784,0.45286740876426657,0.39833732563054813
164,1,0.5678455685500916,0.5166971959983091,0.5076793011131464,0.536282936452022,0.5399464562491194,0.49823869240524166
164,2,0.6279413836832464,0.5189516697195998,0.502324926025081,0.5066929688600816,0.5574186275891222,0.4707622939270114
164,3,0.5,0.503381710581936,0.5205016204029872,0.5195152881499225,0.5331830350852472,0.5150063407073411
164,4,0.6239256023671975,0.5174721713400028,0.5127518669860505,0.5334648443004086,0.5169790052134705,0.48710722840636883
164,5,0.5670001409046076,0.5471325912357333,0.542623643793152,0.4742849091165281,0.5664365224742849,0.5320557982246019
164,6,0.5745385374101732,0.465196561927575,0.45554459630829924,0.5055657319994364,0.49781597858249965,0.43764971114555445
164,7,0.6027899112300973,0.4436381569677328,0.4391996618289418,0.48414823164717485,0.4666760603071721,0.4411723263350712
164,8,0.6139918275327603,0.4938001972664506,0.5102155840495984,0.5395237424263775,0.5265605185289559,0.46118078061152595
164,9,0.5014090460758067,0.4434972523601522,0.43328166831055376,0.4458221783852332,0.48837536987459484,0.43201352684232774
168,0,0.6182189657601804,0.46125123291531633,0.4613216852191067,0.4583626884599127,0.47287586304072143,0.4391996618289418
168,1,0.5853177398900944,0.5057770889108074,0.5109201070875018,0.464985205016204,0.5331830350852473,0.47160772157249536
168,2,0.6389319430745386,0.5226856418204875,0.5334648443004086,0.5595321967028322,0.5221924756939552,0.47442581372410875
168,3,0.5,0.5308581090601663,0.5292377060729886,0.47498943215443146,0.5630548118923488,0.4645624911934621
168,4,0.655276877553896,0.4806256164576581,0.458644497675074,0.5168381006058897,0.48203466253346483,0.458644497675074
168,5,0.5529096801465407,0.46773284486402705,0.46893053402846274,0.5120473439481472,0.5078202057207271,0.4630125405100746
168,6,0.5667183316894462,0.46702832182612375,0.4408905171199098,0.48823446526701425,0.5234606171621812,0.4747076229392701
168,7,0.5698182330562208,0.415809496970551,0.41073693109764686,0.4517401719036212,0.4592081161053967,0.4308862899816824
168,8,0.6139213752289701,0.4174298999577286,0.4203184444131323,0.4289136254755531,0.4725940538255601,0.4213047766661969
168,9,0.49225024658306327,0.5420600253628294,0.528674087642666,0.5137381992391151,0.5801042694096098,0.5141609130618571
172,0,0.6161758489502607,0.5445963082992813,0.5475553050584754,0.5305058475412145,0.5476962096660561,0.506974778075243
172,1,0.5724954206002536,0.5076793011131464,0.5017613075947582,0.5078202057207271,0.5279695646047625,0.46766239256023673
172,2,0.6303367620121177,0.5383965055657319,0.5437508806537973,0.5066929688600819,0.5489643511342821,0.4941524587854023
172,3,0.5,0.4601944483584613,0.49189798506411153,0.5544596308299281,0.5085247287586303,0.4765393828378188
172,4,0.6065943356347753,0.4093983373256305,0.42567281950119773,0.44906298435958847,0.4469494152458785,0.40298717768071013
172,5,0.5779907002958997,0.5045793997463717,0.49189798506411153,0.4864027053684656,0.5305058475412145,0.4518810765112019
172,6,0.5948992532055798,0.529730872199521,0.5182471466816965,0.4740030999013668,0.5185289558968579,0.45455826405523464
172,7,0.6032830773566296,0.43095674228547276,0.40989150345216285,0.4282091024376497,0.48682541919120753,0.4155276877553896
172,8,0.5992672960405805,0.4602649006622517,0.47949837959701286,0.4642806819783007,0.505283922784275,0.466676060307172
172,9,0.4881640129632239,0.505917993518388,0.5006340707341129,0.4420177539805551,0.5374101733126674,0.48288009017894884
176,0,0.6049034803438073,0.5283218261237143,0.529942229110892,0.5143018176694378,0.5465689728054107,0.5071156826828238
176,1,0.5561504861208962,0.48027335493870643,0.4833028040016909,0.49161617584895023,0.5183880512892772,0.4710441031421727
176,2,0.6421727490488938,0.4647033958010427,0.49992954769620973,0.49316612653233766,0.4876708468366915,0.46554882344652676
176,3,0.5,0.43574749894321546,0.43116809919684373,0.47949837959701286,0.47287586304072143,0.41285050021135694
176,4,0.6165985627730026,0.5271241369592786,0.5558686769057348,0.47949837959701286,0.535437508806538,0.4593490207129774
176,5,0.5696773284486404,0.4651261096237847,0.453994645624912,0.4431449908412005,0.4944342680005636,0.48104833028040017
176,6,0.566647879385656,0.46371706354797804,0.46639425109201066,0.4804847118500775,0.4886571790897562,0.42778638861490775
176,7,0.5855290968014654,0.5236015217697619,0.5244469494152458,0.508242919543469,0.5479780188812174,0.47386219529378604
176,8,0.6206143440890517,0.5013385937720163,0.49668874172185434,0.5352966041989573,0.5376919825278287,0.48781175144427225
176,9,0.5907425672819501,0.5351556995913767,0.5393828378187967,0.5616457658165422,0.5617866704241229,0.49866140622798366
180,0,0.5994082006481611,0.4405382556009582,0.43652247428490915,0.4035507961110328,0.46484430040862335,0.45427645484007323
180,1,0.5863040721431592,0.5161335775679865,0.5062702550373398,0.5265605185289559,0.547273495843314,0.4685078202057207
180,2,0.6175144427222771,0.4744258137241088,0.45850359306749333,0.5117655347329857,0.46864872481330133,0.4766802874453994
180,3,0.5,0.4525855995491053,0.4670987741299141,0.4692123432436241,0.46878962942088204,0.42820910243764976
180,4,0.6246301254051008,0.4094687896294209,0.39918275327603214,0.44596308299281384,0.45568550091588,0.4062279836550655
180,5,0.5648161194871072,0.48696632379878824,0.45920811610539664,0.47738481048330283,0.5100746794420178,0.471325912357334
180,6,0.5566436522474285,0.5229674510356488,0.5250105678455685,0.48048471185007746,0.567704663942511,0.49570240946878963
180,7,0.5846836691559814,0.5002818092151613,0.4751303367620121,0.47893476116669015,0.5178244328589545,0.49246160349443424
180,8,0.613498661406228,0.4470198675496689,0.4430040862336198,0.4329998590953924,0.500634070734113,0.4589263068902353
180,9,0.4950683387346766,0.5290263491616175,0.5289558968578272,0.48499365929265886,0.5596731013104128,0.49344793574749896
184,0,0.612864590672115,0.5367056502747639,0.5279695646047625,0.4966887417218543,0.5569959137663802,0.4803438072424968
184,1,0.5679160208538818,0.5344511765534733,0.5338875581231506,0.5151472453149218,0.5523460617162181,0.5011976891644356
184,2,0.6294913343666337,0.5347329857686347,0.5140200084542764,0.5196561927575031,0.5140200084542765,0.47442581372410875
184,3,0.5,0.4821755671410455,0.4900662251655629,0.4494856981823306,0.49232069888685365,0.4344089051711991
184,4,0.6392842045934901,0.5164858390869382,0.5230379033394392,0.5499506833873468,0.5391010286036354,0.5016204029871777
184,5,0.5805269832323517,0.4903480343807243,0.4740030999013668,0.5624911934620263,0.5464280681978301,0.4930252219247569
184,6,0.5844723122446104,0.4706918416232211,0.47132591235733406,0.5141609130618571,0.49471607721572497,0.44849936592926587
184,7,0.5967310131041285,0.5052134704804847,0.5147245314921798,0.42975905312103707,0.5120473439481471,0.45061293504297595
184,8,0.6368183739608285,0.5143018176694378,0.49091165281104693,0.5258559954910527,0.536282936452022,0.46540791883894606
184,9,0.4898548682541919,0.4996477384810483,0.5109201070875018,0.45202198111878267,0.5214879526560519,0.47766661969846413
188,0,0.5695364238410596,0.5425531914893618,0.5375510779202479,0.4996477384810483,0.5571368183739609,0.5313512751866987
188,1,0.5655206425250106,0.49013667746935324,0.5007749753416937,0.4468085106382979,0.5171199098210512,0.4737212906862054
188,2,0.6167394673805833,0.43800197266450613,0.43680428350007044,0.5040157813160491,0.500211356911371,0.46949415245878545
188,3,0.5,0.5319853459208116,0.5090883471889531,0.5520642525010567,0.535014794983796,0.49358884035507955
188,4,0.6444272227701846,0.49682964632943494,0.4735803860786248,0.4749894321544314,0.5319148936170214,0.47879385655910955
188,5,0.5743271804988024,0.4353247851204734,0.4376497111455545,0.41933211216006766,0.4655488234465267,0.4290545300831337
188,6,0.568338734676624,0.5447372129068621,0.5414964069325067,0.5416373115400874,0.5648865717908975,0.5047203043539523
188,7,0.5639706918416232,0.39742144568127374,0.3918557136818374,0.417923066084261,0.4239819642102297,0.36818373960828515
188,8,0.5872199520924335,0.5221220233901649,0.4978159785824997,0.5424827391855713,0.5393828378187967,0.48696632379878824
188,9,0.4952092433422573,0.507186134986614,0.5293786106805692,0.5324785120473439,0.5385374101733127,0.5197970973650838
192,0,0.6286459067211498,0.44955615048612085,0.46413977737072004,0.46075806678878395,0.4948569818233056,0.45526278709313794
192,1,0.577215724954206,0.4512470057770889,0.44272227701845857,0.4862618007608849,0.47851204734394814,0.43342257291813435
192,2,0.6332957587713117,0.5225447372129068,0.502324926025081,0.5376919825278287,0.5416373115400873,0.48541637311540087
192,3,0.5,0.41834577990700295,0.4239819642102297,0.4008736085670001,0.46188530364942937,0.41679582922361563
192,4,0.6163872058616316,0.5236015217697619,0.5491052557418628,0.5200789065802451,0.5524869663237988,0.5071156826828237
192,5,0.589263068902353,0.4838664224320135,0.4992250246583063,0.5112019163026631,0.5162744821755672,0.45004931661265324
192,6,0.5739749189798506,0.5298013245033112,0.53163308440186,0.4441313230942652,0.5529096801465408,0.5034521628857264
192,7,0.5746089897139636,0.5409327885021841,0.5337466535155699,0.5055657319994363,0.5548823446526702,0.5037339721008877
192,8,0.5962378469775962,0.45695364238410596,0.4663942510920107,0.42074115823587427,0.4914752712413696,0.43243624066506975
192,9,0.498097787797661,0.5168381006058899,0.5050021135691137,0.4325771452726504,0.542623643793152,0.45695364238410596
196,0,0.5788361279413836,0.47181907848386645,0.490911652811047,0.3850922925179654,0.4900662251655629,0.44976750739749194
196,1,0.5473439481471044,0.47245314921797943,0.4872481330139496,0.45723545159926726,0.4934479357474989,0.4507538396505565
196,2,0.6126532337607441,0.47675073974918974,0.46977596167394675,0.42933633929829507,0.5113428209102437,0.4561082147386219
196,3,0.5,0.5088065379737917,0.5058475412145977,0.5059884458221784,0.543469071438636,0.5083838241510497
196,4,0.6217415809496971,0.5209947865295195,0.5306467521487953,0.4434268000563618,0.5296604198957305,0.4663942510920107
196,5,0.5789065802451739,0.5496688741721854,0.5640411441454135,0.5636184303226716,0.5633366211075103,0.5386783147808933
196,6,0.5984218683950966,0.5300126814146823,0.5317739890094406,0.46695786952233337,0.5592503874876709,0.47146681696491477
196,7,0.5953219670283219,0.5365647456671834,0.5507961110328308,0.5502324926025081,0.574890798929125,0.502747639847823
196,8,0.6152599690009863,0.495350147949838,0.460758066788784,0.4982386924052416,0.48288009017894884,0.44483584613216853
196,9,0.5047203043539524,0.4325066929688601,0.43243624066506975,0.4415950401578132,0.45963082992813864,0.4275045793997464
200,0,0.5851063829787233,0.43462026208257004,0.4345498097787797,0.461180780611526,0.4796392842045935,0.4524446949415246
200,1,0.5736931097646892,0.49225024658306327,0.4714668169649147,0.4996477384810483,0.5088065379737918,0.46428068197830075
200,2,0.6645061293504297,0.49626602789911234,0.4886571790897562,0.5750317035367056,0.5113428209102437,0.48062561645765817
200,3,0.5,0.44011554177821616,0.44807665210652387,0.46667606030717207,0.49006622516556286,0.46991686628152746
200,4,0.6285754544173594,0.4438495138791039,0.45991263914329994,0.381428772720868,0.48104833028040017,0.44004508947442583
200,5,0.579752007890658,0.4559673101310413,0.4568127377765253,0.4431449908412005,0.49288431731717625,0.4370860927152318
200,6,0.5718613498661406,0.42877272086797236,0.42370015499506836,0.48752994222911084,0.48302099478652955,0.4577990700295899
200,7,0.5767930111314641,0.47773707200225446,0.48992532055798227,0.46554882344652676,0.4772439058757221,0.44835846132168516
200,8,0.6261096237846978,0.4396223756516838,0.43680428350007044,0.4958433140763702,0.463294349725236,0.4358179512470058
200,9,0.5,0.4763984782302381,0.46935324785120475,0.4978159785824997,0.5228969987318585,0.43412709595603777
